FIRST_NAME,LAST_NAME,SOCIAL_SEC,BIRTH_DATE,TOWN,TREATMENT,TREAT_SUCCESS
Aurelie,Quitzon,7337fdd4-eaf9-412b-bd92-f43e95144921,Sat May 01 2021 02:27:41 GMT-0400 (Eastern Daylight Time),Einarshire,3,1
Armand,O'Conner,628ed8f3-a41c-4666-934b-ff21f6b9f4ee,Wed Nov 04 2020 08:27:05 GMT-0500 (Eastern Standard Time),New Lia,2,0
Willy,Rowe,43abd9b6-82d1-41ad-8fe8-9a2a38060667,Tue Dec 29 2020 15:17:47 GMT-0500 (Eastern Standard Time),Conway,1,1
Alva,Lockman,8981c5a5-d34e-420b-8988-3ed951526bf9,Sun Feb 07 2021 03:58:39 GMT-0500 (Eastern Standard Time),Mountain View,4,0
Izaiah,Schmeler,17c43416-e00f-49b4-a3eb-adfa33679383,Fri Apr 30 2021 20:56:59 GMT-0400 (Eastern Daylight Time),Lomaburgh,3,1
Sunny,Grimes,ee0424ef-a836-4c09-be14-527145c709c1,Sun Jan 10 2021 07:35:10 GMT-0500 (Eastern Standard Time),New Sandrine,4,0
Garrison,Block,6b620ce1-1fc4-4216-9a8b-4b5725c7beab,Tue Apr 06 2021 06:54:59 GMT-0400 (Eastern Daylight Time),Heavenburgh,0,1
Alexys,Metz,8c515bb4-ecbf-4a0d-ba84-fdde92a4acf1,Thu Aug 05 2021 19:23:02 GMT-0400 (Eastern Daylight Time),Freeport,0,1
Laurie,Keeling,204fa7f2-bf0b-4dec-8385-8fdd71bd0bf4,Fri Jan 01 2021 07:00:31 GMT-0500 (Eastern Standard Time),Rocky Mount,1,0
Alexie,Abernathy,4df256a2-d2fd-4db4-813b-26022ccada62,Wed Mar 24 2021 14:14:15 GMT-0400 (Eastern Daylight Time),Dagmartown,4,0
Asa,Harber,8e7dc02c-85e6-4368-8ad6-8e7dde41461f,Sun Jan 31 2021 20:10:28 GMT-0500 (Eastern Standard Time),West Lafayette,4,1
Tatyana,Gerlach,4d3b03b7-c374-4a58-a945-c1727ba522fb,Fri Jul 23 2021 23:29:41 GMT-0400 (Eastern Daylight Time),Flatleyburgh,2,0
Eveline,Lehner,3c6b881f-0204-47a4-81c6-f7b9af8341a9,Fri Jun 11 2021 13:06:40 GMT-0400 (Eastern Daylight Time),Mission Viejo,1,0
Earnestine,Bosco,20200118-ebd2-4853-8193-8433812b9285,Tue Jan 26 2021 05:39:24 GMT-0500 (Eastern Standard Time),Magdalenashire,1,0
Lincoln,Bechtelar,0c135608-e5fe-4a22-a9fe-4d943e10ab3a,Sun Jan 10 2021 20:33:49 GMT-0500 (Eastern Standard Time),Kiehnfurt,0,1
Margarete,Wehner,4f7f321b-749c-4f8a-af63-91c534a08e3f,Tue Feb 09 2021 05:20:24 GMT-0500 (Eastern Standard Time),Boca Raton,4,0
Karson,Trantow,5b788ff3-d3f1-43d6-8244-896a56885392,Sat Jun 05 2021 13:32:01 GMT-0400 (Eastern Daylight Time),Port Ulisesmouth,4,1
Kaden,Senger,52581c42-b40a-45f9-94d2-0f83aaa476d5,Tue Sep 22 2020 22:24:22 GMT-0400 (Eastern Daylight Time),North Carolyn,3,1
Alexane,Langworth,f1c3a777-7cda-4310-a082-ab75d9cd6a1f,Thu Dec 10 2020 17:55:35 GMT-0500 (Eastern Standard Time),Port Oma,0,0
Megane,Pagac,bacf9d02-1100-4c5d-8dd8-b4644f960ab1,Thu Feb 04 2021 03:52:02 GMT-0500 (Eastern Standard Time),Poway,3,0
Izabella,Mills,65b0465a-1705-4971-b392-df449847e941,Thu Feb 11 2021 00:15:21 GMT-0500 (Eastern Standard Time),Baumbachmouth,1,0
Delphia,Koss,a2bf7792-b6df-4dc5-91f0-9dff047a25be,Mon Jul 26 2021 09:05:21 GMT-0400 (Eastern Daylight Time),North Nayeli,1,0
Joannie,Swift,4b84be50-9ef7-4f16-a298-74d60f07192c,Thu Apr 29 2021 07:43:09 GMT-0400 (Eastern Daylight Time),Keelystad,3,0
Angelita,Breitenberg,006a9949-95fa-4cf8-ab72-0dfbada736c8,Mon Dec 21 2020 08:02:44 GMT-0500 (Eastern Standard Time),Redding,4,1
Franz,Casper,8397a00f-08e8-4376-b1b3-243699cb897d,Tue Apr 20 2021 20:08:36 GMT-0400 (Eastern Daylight Time),North Katrine,1,1
Guadalupe,Moore,9733b2cc-0f6c-4905-9b1e-b4bef0af6584,Sun Jun 27 2021 07:35:10 GMT-0400 (Eastern Daylight Time),Port Loren,2,1
Ken,Ziemann,12321a6d-10c4-4cfb-aa9b-331a1bd671c5,Thu Jan 07 2021 00:40:35 GMT-0500 (Eastern Standard Time),Johns Creek,3,0
Chester,Braun,c40666c8-26b8-4c42-9367-c2f982aaddf0,Tue Jan 12 2021 23:42:24 GMT-0500 (Eastern Standard Time),East Aurelia,4,1
Annabelle,Hoeger,cb5af058-bd21-4fcc-a8ce-455f4facb559,Fri Apr 30 2021 11:39:43 GMT-0400 (Eastern Daylight Time),South Leonorhaven,0,0
Arvilla,McDermott,a089e06c-8083-4fd4-9e5b-0eb3d890f8a5,Sun Feb 07 2021 06:45:04 GMT-0500 (Eastern Standard Time),West Myrtle,3,0
Isai,Ankunding,aec4c063-334e-496a-be20-9aee7c27eefd,Sun Nov 08 2020 08:47:38 GMT-0500 (Eastern Standard Time),Lempiville,4,1
Berenice,Lind,a8645d38-957e-4e99-98a6-d73808feb1a2,Wed Sep 16 2020 17:43:22 GMT-0400 (Eastern Daylight Time),New Joannyborough,4,1
Travon,Auer,78aeab8a-b1d9-4a4a-aaef-abd30970899f,Sun Mar 28 2021 05:15:20 GMT-0400 (Eastern Daylight Time),Schimmelburgh,2,0
Jayda,Bayer,72b838b2-e940-461d-a68a-b5a0fc686dbd,Wed Oct 07 2020 18:56:49 GMT-0400 (Eastern Daylight Time),New Karleymouth,3,1
Joan,Weber,1cb97cb5-e9f0-4ee7-93a9-ddfe8df5de76,Sat Oct 10 2020 06:02:07 GMT-0400 (Eastern Daylight Time),Lake Hiram,1,1
Ivah,Ebert,0ce3671b-2b01-430b-a312-11bec8a2e53e,Thu Jan 21 2021 07:41:42 GMT-0500 (Eastern Standard Time),Port Jerrell,4,0
Joaquin,Fahey,b702d1b2-0297-44ef-a037-9e8d50dfb8bf,Thu Sep 10 2020 04:29:28 GMT-0400 (Eastern Daylight Time),Spring Hill,2,1
Felipa,O'Kon,482768b6-90ca-4dd9-a816-80f1dcf738cf,Wed Apr 14 2021 22:31:19 GMT-0400 (Eastern Daylight Time),Buckridgefurt,0,0
Jocelyn,Nitzsche,84943c1e-374e-4106-beb2-fbf814de371b,Wed Mar 10 2021 14:34:31 GMT-0500 (Eastern Standard Time),Lake Curtis,2,0
Abigale,Goyette,844c8d65-4d1b-4fd2-8471-3f86e7cfc98f,Sat Aug 28 2021 19:51:48 GMT-0400 (Eastern Daylight Time),North Paris,4,1
Alba,Balistreri,265c1f67-6607-4b63-b7a6-c65399c9a11d,Fri Apr 30 2021 12:39:23 GMT-0400 (Eastern Daylight Time),Antoinetteview,3,1
Rossie,Swaniawski,cdd73f68-0c1e-4364-ad94-eafe9e6c97ca,Wed Jul 14 2021 06:52:24 GMT-0400 (Eastern Daylight Time),Laishachester,0,0
Joany,Haley,a0ac9d0e-0049-48b0-9588-11f14188d15d,Wed Mar 24 2021 13:34:04 GMT-0400 (Eastern Daylight Time),Rileyburgh,2,1
Kenyon,Ledner,776d9714-e6cf-49c1-9e0f-9a88dd186628,Wed Feb 17 2021 14:52:59 GMT-0500 (Eastern Standard Time),Luettgenside,3,0
Thora,Willms,5d7b6e2a-8309-4116-9089-fbfc0d9330dc,Tue Jul 06 2021 06:35:20 GMT-0400 (Eastern Daylight Time),Ryantown,0,0
Raina,O'Hara,01e66e51-9851-4dab-ae4d-4521d35cab06,Thu Aug 12 2021 22:37:10 GMT-0400 (Eastern Daylight Time),Heidiville,4,1
Blair,Wintheiser,eb10508c-55a0-4130-b9b2-3726eeb843b6,Sat Feb 20 2021 18:09:51 GMT-0500 (Eastern Standard Time),East Larue,3,1
Vesta,Marvin,a0edf985-a4bb-4d40-9c8e-bc37924877e4,Tue Sep 15 2020 11:05:09 GMT-0400 (Eastern Daylight Time),East Corbin,2,0
Colt,Pacocha,a68ee87b-2f90-440a-a234-598d0fd8c73d,Sun May 09 2021 06:18:11 GMT-0400 (Eastern Daylight Time),East Coleman,1,1
Vladimir,Jacobs,d8c6c9e2-a565-4325-95b9-2a0d8023ad08,Thu Mar 04 2021 04:05:07 GMT-0500 (Eastern Standard Time),Kshlerinberg,3,1
Audie,Bartell,a9cb5f77-a510-4754-ac91-f31e5663c4cc,Wed Sep 16 2020 00:50:51 GMT-0400 (Eastern Daylight Time),Powlowskiburgh,3,1
Aniya,Reynolds,7035801d-ed70-4736-8fb4-d927f6ad24c1,Sat Jun 19 2021 04:13:13 GMT-0400 (Eastern Daylight Time),North Maximillianside,1,1
